{"cameraMode":{"drawMode":0,"name":"Shaded","section":"Shading Mode"},"sceneLighting":true,"audioPlay":false,"sceneViewState":{"showFog":true,"showMaterialUpdate":false,"showSkybox":true,"showFlares":true,"showImageEffects":true,"showParticleSystems":true},"in2DMode":false,"pivot":{"x":0.1973632276058197,"y":-0.08030664920806885,"z":0.4091346561908722},"rotation":{"x":-0.3360346853733063,"y":0.16466936469078065,"z":-0.05979504436254501,"w":-0.9254228472709656},"size":1.8964416980743409,"orthographic":false}